distancia_km,peso_kg,num_paradas,hora_do_dia,dia_semana,tipo_veiculo,clima,experiencia_motorista_anos,transito_index,tempo_entrega_min
7.09,22.83,3,9,5,3,1,0.1,9,43.96
36.48,22.04,3,21,3,3,1,17.1,3,43.73
9.44,3.75,1,11,6,2,3,17.3,1,5.0
39.78,10.42,7,19,3,3,2,1.9,6,134.74
24.59,18.7,6,21,3,3,3,3.0,8,100.26
4.29,7.95,7,7,2,1,4,9.0,9,33.14
3.55,16.65,3,11,2,1,1,3.7,2,15.04
3.92,6.08,4,15,5,3,3,14.7,4,11.85
24.01,8.22,4,20,4,1,3,1.2,8,101.0
32.57,21.54,4,9,5,3,2,11.0,1,17.71
16.72,6.41,5,9,1,2,4,7.7,8,60.69
18.35,24.12,4,12,4,1,3,9.3,3,37.7
23.98,7.8,6,9,4,2,1,8.5,1,9.6
21.79,0.78,1,10,7,3,3,3.1,3,33.67
27.83,6.52,2,8,3,3,2,4.4,8,106.91
19.4,4.45,7,20,1,2,1,1.3,9,63.31
28.84,12.77,7,19,5,1,4,2.3,1,34.22
39.9,3.0,6,8,2,3,1,19.6,5,95.41
14.66,15.73,3,15,7,3,1,5.6,3,16.25
1.48,21.9,4,16,3,2,1,6.1,7,11.58
5.9,9.19,1,16,6,2,4,2.5,8,23.83
22.59,4.38,2,22,5,2,3,15.1,10,52.74
14.43,10.12,6,16,4,1,4,18.5,4,38.46
37.66,19.69,3,17,5,1,2,15.8,3,57.95
25.47,14.87,4,6,2,1,1,12.3,4,38.5
21.29,2.71,1,7,1,3,2,16.3,8,66.34
32.12,13.52,4,16,6,1,1,8.1,5,70.9
11.09,11.81,6,21,7,2,3,17.2,1,10.51
32.97,8.31,5,12,7,2,2,16.0,10,84.86
1.12,2.93,4,16,3,1,4,0.0,2,7.63
25.17,24.53,7,9,3,3,2,9.8,10,120.01
37.46,4.57,2,13,3,1,2,5.3,2,25.51
31.73,4.98,3,18,5,3,4,1.7,6,171.56
34.29,3.81,5,17,5,3,3,16.9,4,85.97
16.48,14.34,4,7,6,3,1,0.2,7,86.83
33.15,11.2,7,20,7,1,2,14.6,5,78.02
22.48,6.39,1,21,3,3,2,19.8,4,25.22
25.12,10.85,1,14,5,2,3,9.6,5,30.72
3.3,16.9,3,11,4,2,3,7.4,10,13.2
8.86,7.19,4,15,7,3,3,12.1,3,22.26
22.49,22.9,7,19,3,2,4,16.1,3,44.35
3.29,7.8,4,13,2,1,3,4.8,1,8.48
29.92,5.11,4,6,3,1,2,5.0,8,76.33
33.76,23.87,2,7,5,2,1,12.1,7,70.76
36.89,20.3,4,19,7,2,3,18.8,7,118.67
4.97,8.71,4,19,6,1,2,6.0,1,11.6
37.65,21.07,5,19,1,1,2,7.5,8,133.31
3.64,13.07,5,8,4,3,4,19.9,9,27.18
19.49,8.8,4,8,2,2,4,3.5,10,94.12
33.77,21.02,2,12,3,3,2,1.5,10,125.78
3.74,18.85,2,9,7,1,3,11.8,3,19.22
1.71,7.59,2,12,7,1,4,0.5,8,15.08
1.97,15.25,5,15,2,1,1,3.6,5,15.23
20.94,9.36,6,10,1,2,2,12.4,6,36.98
32.65,0.23,7,8,5,3,3,13.2,4,82.63
5.97,24.05,3,12,3,2,2,10.2,7,19.27
5.86,13.83,1,18,4,1,4,7.7,10,47.24
23.17,15.04,5,16,7,3,2,11.5,7,84.27
10.14,15.08,1,11,7,2,1,12.9,10,25.77
29.48,13.86,5,11,7,2,2,16.1,10,83.2
38.04,7.39,3,15,6,1,2,15.9,2,28.9
30.88,24.3,6,8,7,2,4,13.3,10,180.48
35.21,15.62,5,20,6,2,1,17.9,9,98.96
21.26,16.84,6,20,7,3,1,16.8,5,54.1
33.46,11.48,3,6,4,1,1,2.7,7,77.49
8.13,7.34,6,22,1,1,3,19.1,7,24.01
3.67,1.8,4,6,6,3,4,17.8,8,26.14
26.58,8.89,5,13,7,2,3,6.4,9,76.04
3.03,4.57,3,17,3,1,4,0.4,2,15.28
35.81,16.62,4,11,3,1,4,12.1,1,22.27
27.97,22.0,6,9,5,2,3,8.8,3,46.61
38.14,7.71,3,6,5,2,3,15.0,6,61.67
13.24,8.46,1,18,5,1,1,10.5,9,46.72
19.96,16.83,3,6,3,2,4,1.5,7,60.54
29.93,3.9,3,14,6,3,4,4.9,2,39.7
10.47,23.25,3,12,6,3,4,17.7,8,50.19
22.13,9.22,1,22,7,2,4,0.8,5,50.82
26.72,2.71,1,21,5,2,2,14.7,4,22.05
39.17,4.53,3,19,1,2,1,5.8,8,91.84
30.04,23.33,3,18,6,1,4,9.1,3,88.3
5.61,6.33,1,15,1,1,2,10.6,7,14.85
19.54,16.62,3,11,2,3,4,5.0,2,27.41
23.96,4.07,3,8,2,1,3,13.0,4,51.83
6.72,5.01,1,22,2,3,2,13.9,6,5.74
17.85,22.01,2,12,6,1,2,1.7,7,56.74
12.08,3.87,2,13,4,3,3,7.5,10,46.85
5.63,0.67,2,8,2,3,2,14.9,3,9.69
20.97,12.63,6,10,1,3,2,14.4,9,73.16
7.46,21.6,1,16,2,3,1,10.9,9,23.05
24.03,8.28,5,13,5,1,3,15.6,4,40.21
7.62,3.38,5,15,6,2,1,2.2,2,14.12
29.22,24.56,6,9,3,2,1,2.4,3,42.66
8.61,16.98,4,7,1,2,1,13.1,7,22.11
35.96,21.3,4,21,4,1,3,13.9,8,113.07
2.02,18.85,6,13,6,3,1,16.3,7,13.02
21.36,17.52,6,12,1,1,2,3.6,8,63.32
13.48,9.74,2,10,6,3,1,10.3,2,6.11
9.78,8.24,6,17,2,3,3,13.2,6,37.47
19.39,17.98,4,15,2,1,1,4.5,9,59.71
33.84,17.97,1,12,5,3,1,10.3,4,47.15
36.7,23.77,5,21,1,2,2,12.8,9,76.62
12.83,14.3,7,21,3,1,3,4.3,2,21.62
7.02,7.51,1,9,1,3,1,7.5,10,30.29
29.09,12.34,1,16,2,1,2,4.3,8,84.62
23.7,15.42,7,22,6,1,4,18.1,7,92.79
8.84,10.78,5,14,2,3,3,4.7,7,33.08
30.65,19.82,2,6,1,3,4,2.4,10,173.8
21.24,14.7,6,8,2,1,2,0.7,4,62.65
26.48,0.43,3,17,1,1,4,0.9,2,44.46
15.01,14.33,3,21,5,1,1,3.8,10,47.96
18.12,15.91,3,8,7,1,3,12.2,2,33.48
8.03,22.9,5,15,2,1,2,0.4,7,45.64
30.5,10.46,1,14,6,2,1,5.7,3,24.93
7.12,14.45,3,10,3,1,4,1.2,10,49.22
31.35,11.98,3,16,1,1,3,8.1,10,127.61
32.12,13.39,1,20,5,1,1,1.0,5,63.23
30.12,1.87,6,10,2,3,1,12.2,6,64.02
1.76,22.45,1,6,4,3,3,13.8,5,9.32
11.65,22.78,7,12,4,3,3,14.6,5,35.2
19.27,13.79,1,11,5,2,1,4.5,10,39.63
24.23,14.0,3,18,1,2,4,17.4,3,38.78
36.85,1.63,1,15,2,2,3,13.8,10,95.5
15.65,15.03,3,6,6,3,2,1.1,7,56.75
35.13,10.84,5,11,7,3,1,8.8,10,127.96
7.37,17.78,1,18,1,3,2,15.4,7,28.93
15.48,1.37,4,14,3,2,2,6.2,9,34.61
3.04,17.83,6,15,7,3,1,7.6,5,14.91
29.96,7.31,4,10,3,3,2,12.6,5,56.22
6.88,16.36,1,11,4,3,1,1.1,3,11.38
11.02,15.75,5,8,7,2,1,19.3,3,20.74
31.23,5.83,2,7,7,2,1,3.5,1,12.66
21.85,11.12,1,6,5,2,2,0.5,4,34.04
1.54,20.92,4,16,5,2,2,0.1,10,14.58
1.09,15.22,2,8,5,2,2,8.0,10,10.52
20.92,1.9,1,15,2,1,3,17.7,7,46.09
12.89,11.18,6,22,7,3,3,16.4,4,34.37
8.03,7.93,5,17,1,2,1,18.2,6,24.55
24.93,16.11,7,15,1,3,4,10.7,8,106.97
9.91,15.44,4,7,5,1,3,9.0,1,12.91
24.1,0.46,4,14,6,3,2,7.7,10,84.76
15.79,15.27,6,21,6,3,1,0.9,9,77.34
8.28,18.42,1,12,5,1,4,18.2,10,41.59
6.39,19.26,3,20,3,2,3,9.9,1,5.0
10.24,1.66,6,18,3,3,2,9.1,10,60.21
2.16,7.73,3,10,3,3,1,10.3,7,5.46
13.02,10.65,7,8,2,3,1,15.9,6,46.7
36.18,4.66,2,6,3,2,2,4.5,2,15.99
33.42,10.63,3,10,1,1,1,14.2,5,51.72
15.51,1.96,7,11,3,3,1,14.2,4,26.61
23.46,3.01,2,17,7,3,2,17.0,10,126.05
23.13,16.78,7,15,5,3,1,0.2,4,56.67
33.32,6.71,1,14,1,1,2,3.4,3,25.81
10.22,17.84,2,18,3,2,4,9.4,10,50.35
12.56,1.39,5,19,2,1,4,17.0,2,25.07
12.77,14.16,5,18,2,3,1,19.3,10,69.18
2.59,9.91,7,21,5,3,3,11.9,10,15.56
13.27,19.96,7,12,7,1,4,4.2,4,44.6
35.24,19.64,5,19,5,1,3,3.7,7,140.93
36.57,9.51,5,13,4,2,2,12.8,8,63.88
5.28,15.64,3,9,2,2,2,4.2,6,19.24
18.86,5.84,6,8,2,2,1,11.1,7,46.5
15.87,14.59,5,7,6,2,2,16.7,2,21.49
20.09,2.22,1,22,5,3,4,7.8,6,57.93
22.63,10.98,6,8,4,3,3,7.6,6,88.11
1.79,4.73,3,20,5,3,2,0.7,6,7.17
33.85,22.11,4,19,6,2,1,5.1,10,121.86
38.97,11.23,4,13,6,3,4,14.0,9,190.28
26.48,14.85,6,21,1,3,1,7.2,7,65.93
26.76,9.14,2,21,3,1,3,3.2,5,53.23
21.59,7.36,3,21,1,3,2,2.1,5,43.84
14.04,5.23,1,14,3,2,2,1.9,1,5.49
6.81,22.81,3,11,5,2,1,13.2,6,10.27
23.78,20.03,1,6,2,3,2,12.3,3,24.39
2.75,3.5,5,20,2,3,3,10.4,9,16.15
33.16,18.72,7,20,4,3,2,10.0,8,115.49
17.42,10.58,4,15,4,3,1,3.1,10,64.86
17.18,0.58,7,7,5,2,2,10.0,10,59.27
13.76,13.3,7,19,1,2,1,1.2,5,39.11
38.8,3.43,1,11,2,2,2,18.5,5,37.76
7.82,5.41,4,15,6,3,4,1.2,7,46.03
6.9,17.46,4,17,5,1,4,8.5,5,31.25
7.46,6.58,3,8,7,2,4,0.0,3,27.57
26.68,22.32,6,7,6,3,1,15.7,8,112.87
39.68,16.5,3,7,6,1,2,3.3,5,99.14
10.18,20.84,1,22,4,2,1,18.5,10,22.91
36.32,15.46,4,22,7,1,2,0.9,3,57.13
11.87,21.75,2,13,3,1,3,16.4,5,27.07
26.27,9.17,3,13,7,2,4,13.1,6,55.78
2.58,13.82,4,12,3,1,2,5.0,10,20.43
20.33,12.99,6,11,4,1,1,4.0,6,44.48
26.53,22.61,2,15,5,2,2,7.2,1,5.03
21.92,4.29,3,12,3,2,2,16.6,4,22.93
10.28,14.54,1,16,2,1,3,17.2,9,39.77
33.31,18.91,3,12,7,2,1,3.5,3,26.73
38.84,9.38,5,16,4,1,3,7.1,4,65.22
18.91,21.72,5,22,7,2,2,4.7,2,22.69
25.8,9.45,3,9,3,1,3,2.5,8,97.74
31.83,4.5,1,7,7,1,4,12.9,2,38.71
10.42,14.68,5,14,5,2,1,6.9,4,17.86
34.71,10.63,5,8,6,3,4,4.5,8,240.47
11.93,0.58,1,9,6,2,1,17.3,9,36.65
31.26,1.93,4,19,2,2,4,15.0,3,45.67
5.37,5.04,1,13,6,2,2,15.5,4,11.13
12.25,19.28,4,15,7,1,3,0.8,2,28.64
21.81,22.32,5,19,5,1,4,18.3,5,85.36
21.47,13.73,6,8,7,2,3,11.5,10,107.06
34.17,2.82,5,14,6,2,2,10.1,4,36.99
39.85,13.45,6,6,5,2,4,0.2,3,72.42
5.18,21.42,2,14,4,3,2,18.0,4,8.97
11.58,18.79,6,9,7,2,3,10.9,9,55.18
14.95,7.42,3,21,2,1,3,16.5,6,28.91
19.68,3.27,3,10,4,2,2,13.1,7,36.59
20.26,22.54,6,9,6,2,1,15.9,8,62.59
34.39,21.38,3,6,7,1,2,13.9,8,113.23
31.05,1.53,1,8,2,2,4,18.4,6,87.57
1.74,20.63,6,9,1,3,3,4.5,6,21.67
18.75,2.61,5,9,3,2,3,4.0,6,46.91
25.1,1.77,5,18,7,2,2,14.3,2,26.61
18.96,19.01,2,21,4,1,3,10.0,5,45.19
6.1,13.5,5,20,1,1,2,12.0,9,32.49
16.5,10.48,2,22,1,1,1,14.2,1,9.39
17.05,22.62,4,21,3,3,1,10.9,9,48.94
8.32,21.01,4,13,3,3,2,15.8,6,20.31
30.5,1.63,6,12,1,2,3,6.4,4,41.43
13.53,15.48,7,17,4,3,2,17.2,2,22.24
23.97,19.35,2,11,4,2,1,2.2,8,48.99
21.11,13.85,1,16,2,2,2,12.7,1,9.33
35.22,24.58,4,22,2,2,2,17.8,6,49.11
5.76,17.21,7,9,5,1,3,5.1,2,19.01
5.46,2.78,2,19,7,2,2,6.5,10,20.92
12.71,5.12,4,21,7,3,2,6.1,2,22.18
17.82,20.69,3,15,4,2,1,11.3,9,36.55
12.64,24.92,3,12,1,3,3,8.3,6,31.05
30.76,2.64,5,10,7,1,4,2.2,1,22.99
10.57,2.69,3,8,7,1,3,17.8,8,55.86
4.31,19.13,4,11,2,1,2,4.1,9,25.5
17.14,1.8,6,18,3,2,2,10.7,3,24.03
31.16,1.9,3,14,1,3,2,11.9,10,102.09
34.17,22.24,1,9,6,2,1,0.8,8,113.54
29.6,20.05,7,15,6,2,1,1.9,8,79.88
22.76,22.06,2,19,1,2,4,19.4,4,41.77
29.24,16.33,6,6,5,2,4,13.3,2,34.76
27.57,8.2,6,6,3,3,4,0.7,5,102.36
10.14,22.68,4,22,4,1,3,15.9,9,42.7
22.48,7.61,1,18,2,1,4,10.2,6,81.61
31.05,7.03,7,15,6,3,2,1.5,7,108.55
13.37,22.18,5,21,3,2,2,13.6,8,30.11
26.5,17.08,3,16,6,1,1,10.0,4,44.36
19.78,22.41,6,14,2,3,1,4.1,1,15.64
20.62,4.07,6,9,5,1,3,17.6,9,85.79
4.51,23.82,6,19,3,1,1,5.8,7,35.45
26.98,15.4,2,19,7,1,4,5.7,6,124.06
34.76,16.77,5,11,4,1,4,5.5,6,94.45
6.52,22.87,3,18,6,3,2,15.3,9,40.58
15.28,9.64,1,18,1,3,3,14.1,8,75.99
2.9,18.05,3,7,5,2,1,18.1,7,10.78
2.16,16.08,1,8,1,3,2,4.6,8,11.28
39.6,19.74,1,16,3,1,1,15.7,3,47.83
20.25,22.44,6,16,2,2,1,11.5,8,52.41
14.87,17.07,4,17,1,1,1,6.2,10,77.9
11.72,1.88,3,12,5,3,4,0.7,3,28.16
39.22,4.74,2,20,2,2,3,16.4,6,70.6
10.84,23.86,6,13,4,3,4,4.8,7,47.54
29.3,24.22,5,9,6,2,4,12.6,6,94.08
12.07,24.19,5,7,2,2,4,11.0,10,62.29
3.75,1.11,2,20,5,3,4,0.1,5,14.66
27.65,9.68,1,18,3,3,1,19.9,3,37.9
1.06,19.04,1,13,3,1,4,16.3,2,11.49
27.35,18.87,1,9,5,3,3,9.7,9,127.75
10.76,2.33,7,7,5,3,1,13.6,7,41.92
30.1,15.32,3,8,5,1,1,9.5,6,82.18
31.02,3.74,5,7,2,3,4,14.9,5,104.63
29.24,12.43,7,14,5,1,4,2.7,5,77.43
1.95,6.14,7,9,2,2,2,8.9,10,15.25
28.45,1.52,3,8,2,1,1,6.7,7,83.26
39.62,2.18,4,10,7,1,2,9.2,10,144.0
10.46,22.79,4,17,1,2,1,9.0,9,36.03
11.7,18.67,1,14,3,3,3,2.9,8,37.98
32.73,23.31,6,8,4,3,2,19.5,6,110.44
7.26,11.86,5,18,2,2,1,0.3,3,21.66
26.76,10.45,3,14,6,3,4,0.2,7,142.32
30.45,9.09,4,9,4,1,4,7.5,8,137.35
2.45,15.48,6,17,6,3,4,12.4,6,23.07
22.6,8.92,1,22,3,1,4,3.6,1,8.2
23.46,18.71,5,15,7,2,1,10.7,10,67.81
12.83,20.07,7,8,6,3,4,14.5,9,108.97
35.18,21.92,6,11,3,1,4,1.9,4,94.28
7.35,6.22,5,16,7,2,4,19.7,5,26.56
15.2,13.27,1,22,7,3,2,6.7,2,10.81
34.1,5.74,6,21,5,3,2,12.8,10,121.54
8.44,1.13,6,21,1,1,4,2.2,3,22.3
33.03,17.75,4,20,5,2,1,14.2,4,43.78
4.08,13.81,5,15,5,1,3,16.8,5,17.75
20.08,18.15,5,17,3,2,4,2.1,3,43.07
3.94,2.37,1,18,2,2,4,2.5,7,16.33
27.44,24.89,2,18,4,1,3,5.6,10,157.16
31.83,24.86,6,16,6,3,4,0.2,9,274.8
34.14,11.73,7,8,3,2,4,19.7,6,109.24
39.27,21.68,2,20,4,2,4,12.0,2,34.83
27.21,6.24,3,6,1,1,1,12.2,9,76.27
30.99,18.49,7,13,5,1,1,19.2,3,43.81
20.72,22.0,2,13,7,2,2,16.6,10,51.03
36.6,20.4,2,22,6,2,2,16.3,4,41.03
26.11,20.33,1,7,4,1,2,6.8,6,64.62
35.46,11.68,2,14,1,3,1,6.7,5,57.51
10.18,20.54,5,12,4,2,3,5.8,5,25.75
20.37,17.33,3,7,7,1,1,6.9,2,32.33
29.46,3.48,7,9,1,2,4,7.4,6,84.62
8.91,3.03,7,13,2,1,3,2.8,5,24.52
9.24,19.34,7,21,6,1,4,7.1,9,62.57
39.14,15.71,6,12,4,1,1,8.9,5,64.73
17.95,13.08,5,20,2,1,2,6.2,10,68.45
8.09,22.7,4,18,1,2,4,3.3,3,25.82
13.93,16.56,7,19,3,3,2,7.5,4,41.16
16.5,10.02,1,20,5,1,3,9.6,1,5.47
25.3,10.47,6,18,6,1,1,14.4,8,113.79
37.0,15.21,1,18,7,1,4,14.2,1,34.13
39.48,19.05,3,8,4,1,2,4.1,3,59.01
26.42,14.2,2,18,3,1,4,0.7,10,221.96
28.3,12.82,5,6,7,1,2,6.1,7,83.58
13.55,18.23,6,18,6,3,1,3.1,6,66.88
34.43,17.69,1,17,2,2,3,7.9,9,117.87
9.49,20.79,5,18,5,2,2,19.6,8,39.9
5.15,1.75,2,16,6,3,2,3.6,9,28.04
38.96,18.92,1,12,2,1,4,6.4,7,112.93
34.7,12.94,3,12,7,1,2,14.5,5,60.59
12.84,2.05,5,16,3,2,2,10.2,2,15.46
27.33,17.04,2,14,4,2,3,0.9,4,40.22
19.21,17.97,3,11,4,1,1,3.2,8,51.33
13.6,13.19,7,14,5,2,4,18.7,3,27.27
12.18,19.89,3,15,7,1,1,2.1,7,51.09
6.31,7.65,7,10,3,1,1,12.7,2,14.53
22.42,5.21,6,16,3,2,1,15.8,1,13.94
18.42,8.9,3,11,6,3,2,5.3,4,32.72
20.98,10.37,5,10,7,3,3,14.5,3,36.65
9.4,17.46,5,13,7,3,3,3.4,9,43.18
37.61,21.17,4,7,6,2,4,5.7,4,84.92
25.91,18.08,3,16,5,1,4,6.2,5,73.58
36.08,4.51,3,18,6,1,2,19.9,5,95.66
5.26,9.28,1,22,7,2,4,4.3,4,7.2
25.29,4.13,1,10,1,1,1,2.6,10,82.31
34.13,17.23,3,15,5,1,1,18.5,8,86.38
13.91,6.35,6,14,1,1,2,3.2,2,17.13
8.61,13.23,2,18,5,1,3,17.6,3,16.07
11.34,19.84,2,16,3,2,1,13.0,1,5.87
11.64,16.84,3,19,3,2,4,11.5,3,23.45
18.44,7.6,5,20,7,1,2,15.0,7,58.18
13.71,8.46,2,7,5,2,2,14.5,10,41.99
11.58,16.4,2,12,4,3,3,2.2,5,28.02
26.29,13.83,1,17,7,2,2,20.0,1,13.62
3.07,2.59,3,15,1,1,2,18.8,1,5.19
14.27,21.87,2,14,5,1,4,17.9,5,42.74
27.9,12.91,6,8,2,2,2,12.4,3,34.4
7.86,11.94,7,15,2,1,1,10.5,6,34.4
9.62,5.12,3,18,2,3,3,10.7,2,15.33
8.83,9.55,1,6,4,3,3,0.3,3,17.48
1.04,8.45,1,16,5,2,1,10.0,6,5.0
19.48,6.91,3,21,6,3,4,12.5,3,36.35
2.52,14.27,4,15,4,3,2,13.2,4,10.86
11.64,11.66,4,22,7,1,1,6.6,3,18.68
39.8,22.25,3,11,3,2,1,9.4,1,11.42
36.82,23.55,3,6,2,2,3,12.7,4,47.49
9.39,5.64,2,17,1,2,1,8.6,4,9.19
13.09,2.68,4,9,1,2,2,19.2,9,44.11
19.08,19.68,5,6,4,2,3,14.1,9,58.9
33.93,24.87,1,9,3,3,4,0.0,5,154.26
32.3,21.62,4,21,6,1,2,0.5,3,61.09
5.92,0.79,5,19,1,2,4,13.8,5,18.13
5.85,6.43,5,10,2,1,2,8.3,7,24.16
17.25,1.27,4,16,7,3,4,16.8,4,63.61
34.93,20.56,4,11,1,1,2,3.5,8,97.16
35.4,14.62,5,9,3,1,1,0.3,10,186.71
5.19,12.94,3,22,2,1,3,7.8,5,17.54
23.4,13.95,4,19,4,2,4,14.7,2,26.14
7.07,6.46,3,12,7,2,4,19.4,2,12.69
27.76,15.12,4,12,2,3,4,17.7,9,113.12
36.74,0.96,1,19,3,2,1,9.7,5,51.31
18.74,16.22,3,13,4,1,3,16.3,4,29.85
4.24,18.41,1,12,6,2,3,1.4,7,15.21
23.59,16.89,2,12,7,1,3,11.4,10,93.07
16.93,8.44,3,13,1,2,1,18.5,5,21.24
32.63,20.69,4,14,4,3,1,7.9,4,45.72
14.27,17.95,7,6,6,1,3,19.2,9,69.62
35.12,3.38,1,14,1,3,4,4.4,1,15.05
11.67,5.04,7,13,6,1,1,2.1,9,44.49
7.14,16.0,3,10,2,3,1,10.5,6,15.46
12.95,7.38,6,12,4,3,2,18.1,1,12.25
2.36,3.16,5,13,7,3,2,6.2,3,6.77
11.97,4.04,7,12,5,3,4,16.0,7,48.98
26.74,4.31,1,21,7,3,4,3.4,8,129.01
6.55,12.05,7,14,5,1,3,14.9,2,14.6
5.34,15.26,1,14,2,1,4,11.1,7,19.66
6.16,4.57,7,10,5,2,1,3.5,10,30.72
4.02,17.87,5,21,5,2,4,14.4,7,16.11
35.11,7.17,4,6,3,2,2,14.3,8,71.17
37.82,7.93,3,15,1,3,2,10.3,2,29.69
2.82,5.74,1,8,5,1,1,4.5,7,12.45
30.64,19.67,6,19,5,3,1,2.6,8,132.01
29.75,24.0,6,12,6,2,1,19.1,2,25.25
39.88,12.41,7,10,1,1,2,13.1,4,61.28
14.57,1.24,6,6,4,3,1,16.2,9,51.11
12.13,6.66,7,19,6,1,1,13.9,10,64.63
18.67,4.12,7,12,7,2,3,16.6,2,17.13
34.41,21.1,3,10,7,3,4,3.2,8,181.21
29.42,2.3,5,20,2,3,1,9.9,6,74.24
19.39,24.17,2,6,2,1,3,13.3,6,53.39
10.54,14.8,6,13,5,1,4,2.1,6,43.71
29.35,13.04,5,8,4,1,2,3.0,9,126.22
34.33,21.21,4,8,2,1,1,12.7,5,80.43
16.6,0.88,5,6,1,3,1,17.4,6,33.61
27.07,19.47,2,9,2,3,4,13.2,7,119.28
16.61,3.09,5,22,3,2,2,0.7,6,34.32
19.66,21.05,4,13,6,2,1,19.4,9,43.19
21.47,13.32,3,22,1,1,4,2.8,3,36.19
31.25,1.72,7,10,1,1,4,4.7,10,147.37
39.12,20.86,1,18,2,1,3,19.5,7,153.45
18.33,0.88,6,7,7,3,1,15.4,10,94.19
14.35,3.63,2,7,7,1,1,18.7,4,20.61
15.57,19.99,2,6,4,1,1,16.1,5,36.21
6.22,11.73,2,21,1,3,1,13.0,1,5.97
12.58,22.06,1,17,1,2,3,5.7,10,49.25
4.37,15.96,1,18,7,2,2,6.5,9,23.19
17.69,15.66,6,21,4,1,4,18.9,3,35.58
7.53,7.45,7,11,1,1,1,17.2,1,5.0
14.51,3.52,5,18,6,2,3,7.2,7,51.85
31.95,24.04,1,14,4,2,4,7.5,7,69.7
10.59,2.8,7,15,3,2,1,6.0,6,23.55
24.86,13.32,5,17,4,1,3,6.5,2,31.75
36.15,6.96,4,13,2,1,3,17.2,10,111.06
23.11,6.75,7,6,7,1,1,0.2,5,66.48
8.56,14.95,3,7,6,2,2,8.7,8,24.51
14.45,19.99,3,14,2,1,4,18.9,9,65.58
24.02,19.47,6,15,6,1,4,10.9,6,88.28
20.76,21.75,4,18,2,2,2,9.0,1,13.68
6.8,7.46,6,15,4,2,1,6.2,9,20.19
18.43,11.75,5,9,6,1,1,1.5,7,75.35
22.18,0.43,6,12,1,3,4,4.5,9,95.47
11.43,18.72,3,13,6,2,3,1.8,7,33.38
24.89,7.7,1,22,2,2,2,2.5,10,57.31
3.74,14.13,4,15,5,2,1,3.3,9,15.03
14.13,4.4,5,16,4,1,4,6.0,3,24.97
32.37,20.52,6,18,1,2,2,0.2,2,45.02
11.11,20.47,2,12,6,2,3,19.0,2,9.17
24.6,21.96,6,22,2,1,4,2.5,8,114.51
16.99,1.34,6,17,7,2,3,7.7,3,26.47
13.34,24.81,6,20,6,1,4,17.6,5,62.39
36.73,6.34,6,18,2,2,3,2.1,8,143.64
14.39,7.87,7,16,5,1,2,9.7,5,34.16
10.23,6.38,5,6,3,1,4,16.9,1,15.71
36.46,6.83,3,15,5,2,3,11.1,4,41.25
30.09,13.91,4,8,4,2,4,4.2,1,20.87
27.59,6.15,6,16,3,3,1,14.7,4,51.93
2.93,9.97,2,17,5,2,3,13.6,8,17.47
6.12,16.46,5,15,2,1,3,7.2,6,31.58
25.9,20.93,5,11,7,2,1,0.9,7,64.51
9.17,17.38,5,7,7,3,2,0.2,2,26.38
9.8,14.94,3,17,2,1,4,16.5,8,55.57
31.39,3.86,6,17,6,3,3,6.4,5,110.49
12.15,20.44,1,14,7,2,4,2.8,3,13.53
3.79,1.12,6,18,1,1,1,10.4,7,22.28
2.42,6.75,6,19,6,3,1,18.4,2,12.93
18.28,1.62,7,14,7,1,4,0.2,5,70.68
25.07,16.75,7,6,2,2,2,1.1,5,48.24
34.89,9.34,3,20,5,1,4,8.3,2,38.79
5.32,16.37,1,13,6,2,4,13.5,10,14.46
8.67,8.81,5,17,3,1,2,9.5,4,20.43
21.66,11.5,1,21,2,1,4,18.0,1,10.2
15.2,11.56,2,12,3,2,4,0.9,5,33.34
19.82,1.33,5,16,3,3,1,6.8,10,84.34
37.04,10.87,5,6,6,1,1,7.0,7,95.51
22.25,16.1,5,21,3,2,1,6.8,7,45.99
17.19,13.74,6,7,3,3,3,9.8,10,98.89
39.59,2.07,2,15,7,1,1,15.8,1,18.56
3.54,16.77,6,11,5,2,2,6.4,6,21.77
37.35,7.86,5,6,7,3,2,14.9,4,65.59
20.56,0.56,3,13,5,3,1,2.9,7,45.71
20.65,4.06,4,21,7,1,2,11.2,9,68.48
36.96,12.54,4,8,2,3,3,7.5,1,28.04
20.79,7.9,4,10,7,3,4,10.8,2,31.77
18.1,17.42,3,9,7,2,2,2.2,10,73.42
11.63,6.17,2,8,1,2,3,19.1,5,23.15
26.69,19.37,2,9,3,3,3,18.1,4,62.23
23.22,7.3,3,15,3,3,2,16.5,2,16.61
9.36,15.6,2,19,3,3,3,17.9,4,26.4
28.67,20.02,4,17,6,3,4,2.9,1,35.2
26.12,9.76,7,19,5,2,1,10.1,3,30.28
16.5,1.36,1,18,2,1,3,6.4,2,15.78
1.17,13.48,3,12,5,1,1,17.7,1,6.83
18.42,24.89,1,21,7,3,4,3.8,10,109.62
1.24,24.23,7,8,4,2,3,4.4,8,18.33
3.92,5.68,5,17,7,1,1,13.7,10,25.03
17.79,18.94,2,7,5,1,3,1.8,3,35.78
4.19,8.75,3,19,7,1,2,14.6,3,17.92
11.75,4.17,6,7,7,2,1,5.4,3,20.51
26.56,16.71,7,9,1,2,4,13.2,6,81.06
13.04,12.62,5,12,6,2,2,17.5,2,13.61
39.91,13.57,2,17,2,3,1,12.2,3,54.11
36.74,20.72,5,6,6,2,3,4.3,10,132.55
23.83,8.55,5,10,6,3,2,1.0,4,52.36
38.71,16.74,5,11,2,3,3,0.9,8,154.08
34.85,9.28,1,18,1,1,1,1.8,3,48.12
13.44,1.26,5,22,3,1,4,11.6,10,56.99
30.23,9.57,1,16,3,3,2,7.0,7,79.95
6.34,23.76,7,14,4,2,2,4.9,9,24.06
27.7,12.18,7,11,1,3,4,4.4,6,86.92
20.15,2.88,4,19,1,2,3,19.0,10,71.68
1.66,17.26,5,7,4,1,1,2.4,4,19.56
11.69,24.09,1,8,6,3,3,6.1,5,40.5
38.26,22.72,7,9,3,3,3,9.4,1,30.36
13.32,14.38,2,10,3,2,2,0.0,2,18.53
8.08,9.53,2,13,2,2,1,18.4,8,13.78
8.31,14.6,5,22,2,1,1,2.0,4,24.03
19.69,20.44,7,17,3,3,4,13.6,2,39.7
33.86,21.56,4,12,2,2,1,12.6,3,27.39
30.56,20.51,4,9,3,3,3,16.2,4,73.32
18.04,11.5,4,17,2,1,4,13.0,8,99.65
9.14,3.15,3,10,5,3,2,15.4,1,9.86
2.8,14.32,5,22,3,3,1,8.4,1,13.57
19.04,4.08,7,14,6,3,3,9.8,8,79.93
32.78,1.71,3,15,5,2,3,14.0,2,21.87
29.46,12.57,6,21,5,3,1,11.4,5,60.9
16.94,16.45,6,11,5,2,3,10.2,7,42.62
24.19,21.38,6,14,7,3,1,4.1,6,62.65
18.01,19.61,6,15,2,3,2,5.2,2,25.17
23.58,21.46,7,10,7,3,2,7.2,8,84.61
21.18,19.05,6,6,2,3,4,0.2,1,32.68
27.56,17.64,7,10,1,1,4,8.3,3,51.26
20.8,0.45,6,7,6,3,3,0.1,2,41.65
37.68,15.73,6,17,7,3,3,11.3,6,157.57
17.69,3.19,7,6,1,2,1,14.1,7,33.82
1.62,1.65,7,11,5,2,1,11.2,7,12.36
10.22,4.08,5,21,4,3,4,13.9,2,17.84
20.52,20.62,5,15,2,2,2,0.0,4,40.87
22.08,18.65,7,17,4,2,3,1.2,2,34.65
22.54,23.73,3,17,5,3,3,14.0,4,58.64
28.87,24.48,1,11,5,3,2,16.1,3,28.12
11.71,22.35,7,16,4,1,3,14.4,8,63.17
26.93,3.5,5,9,7,3,3,13.3,8,130.35
28.46,21.98,3,16,2,1,1,14.1,9,95.2
17.04,21.0,6,17,5,1,3,14.8,3,49.27
16.68,21.8,1,20,3,3,1,14.5,1,11.09
7.98,3.96,4,21,7,1,2,14.8,1,6.35
17.15,3.1,2,6,2,1,4,1.5,9,80.83
31.69,23.11,3,11,7,1,4,1.3,10,191.92
36.45,4.51,7,15,5,2,1,7.2,3,31.28
24.15,9.34,4,11,2,1,3,10.6,9,69.64
12.68,11.51,1,16,6,1,3,15.3,6,37.22
27.61,3.29,3,20,2,2,3,6.7,2,23.04
29.87,0.71,2,10,2,1,4,5.5,4,51.58
13.96,24.85,7,21,3,1,1,15.6,3,39.09
33.24,21.94,3,20,5,3,3,5.0,8,125.68
3.87,22.83,3,21,3,2,2,16.4,2,11.42
1.42,7.26,3,7,4,1,1,3.5,2,5.0
5.8,5.66,2,10,4,1,2,7.2,8,14.9
7.08,10.76,6,8,2,3,1,8.0,4,20.82
35.28,11.44,5,8,2,1,3,6.0,3,57.6
17.57,0.34,4,6,3,1,3,0.1,9,86.58
11.72,19.53,3,13,2,2,3,4.7,10,33.27
17.73,24.92,5,7,7,3,1,6.8,6,61.44
16.4,13.31,1,11,3,2,4,6.3,9,49.52
12.76,9.83,7,22,3,3,1,15.7,9,48.99
6.38,9.94,4,21,5,2,2,0.9,6,14.17
26.58,2.58,2,21,6,1,2,7.8,9,82.57
6.33,6.8,4,6,5,3,3,0.8,1,12.36
31.24,12.65,6,17,4,3,2,18.6,1,24.01
8.87,10.91,2,16,7,3,4,15.8,9,57.01
29.52,13.72,4,8,7,1,4,19.6,2,46.81
32.42,21.26,5,21,2,2,4,18.2,8,97.25
5.89,5.79,6,12,2,2,1,6.3,5,16.67
4.38,0.89,4,22,3,1,4,13.8,8,16.43
38.03,1.15,6,7,6,3,1,6.1,7,131.77
19.06,3.53,6,17,7,1,4,17.8,1,17.05
25.58,14.35,7,8,5,1,4,8.2,4,76.92
1.91,20.24,3,22,5,3,1,7.5,8,9.23
11.87,22.19,5,16,2,2,1,18.3,10,35.44
20.71,15.95,2,7,5,3,3,16.7,9,99.15
35.56,10.2,6,9,2,2,1,19.3,9,99.45
11.59,4.03,7,12,4,3,4,1.3,10,74.04
31.23,10.16,3,6,2,1,3,4.9,9,101.42
26.83,8.44,4,6,1,3,3,6.0,6,72.85
5.5,21.78,6,21,7,1,4,8.5,4,33.34
12.44,12.27,1,22,7,1,1,9.5,6,21.99
10.28,5.81,5,15,5,2,3,5.8,8,27.06
18.26,7.36,6,21,5,2,4,15.8,5,37.97
25.78,3.58,7,17,2,1,1,4.5,9,98.31
17.9,22.98,2,6,5,3,1,13.9,8,50.54
10.54,1.45,6,18,6,1,1,17.0,3,24.51
28.14,0.52,6,6,4,3,2,12.1,10,99.04
23.79,4.74,1,19,2,1,1,7.1,9,83.77
21.25,20.31,5,12,3,1,1,3.8,6,51.28
22.62,13.18,5,8,6,1,4,2.7,2,55.38
9.65,15.72,7,10,2,2,2,14.9,3,19.01
27.54,9.07,1,17,7,2,2,9.4,9,91.87
16.11,1.9,7,20,6,1,2,0.9,1,29.17
15.18,21.43,4,15,7,2,4,19.7,5,37.46
6.84,4.96,2,8,4,3,2,13.4,7,25.47
24.28,1.02,3,21,2,1,2,16.9,3,21.44
24.5,14.4,6,19,1,1,4,8.8,9,147.73
14.27,2.27,7,12,4,2,1,19.1,6,22.9
34.53,2.57,3,15,3,3,2,4.0,1,17.1
33.97,20.05,7,22,1,1,3,3.7,4,65.29
5.25,12.39,5,12,7,1,3,17.8,4,18.04
28.11,6.19,2,6,7,1,4,17.8,3,41.38
16.36,8.85,5,8,3,2,4,10.0,10,88.31
39.99,18.29,6,16,5,1,2,2.5,4,77.76
9.78,1.85,1,22,3,2,4,6.1,6,15.13
11.94,3.09,1,18,4,2,1,15.1,6,28.0
18.24,15.48,1,16,5,1,1,16.9,3,21.95
11.48,15.25,4,11,3,3,4,7.0,6,39.42
27.99,24.32,1,13,6,3,1,1.2,4,50.5
19.76,9.49,7,6,2,3,2,13.3,1,20.22
9.61,1.81,1,12,5,3,3,14.8,5,11.74
20.75,13.53,1,16,7,1,2,8.5,6,54.46
35.66,16.03,2,21,6,3,4,11.7,2,43.49
31.9,3.66,6,21,1,1,2,19.7,8,78.59
20.45,13.91,7,19,1,1,3,4.9,7,83.2
12.25,5.1,2,6,5,2,1,11.5,4,8.84
8.02,21.15,4,19,7,3,1,12.2,6,33.86
35.26,20.91,6,9,6,2,1,11.0,4,52.8
28.7,10.85,6,16,7,2,3,17.4,7,80.83
23.31,24.18,2,22,2,2,1,12.1,2,13.84
35.3,24.5,6,21,4,2,3,10.2,7,79.88
5.75,3.41,7,17,6,2,2,2.5,1,11.63
27.62,9.32,6,11,5,2,3,14.1,1,21.33
9.45,15.09,4,14,6,2,4,2.6,3,22.09
5.7,2.3,3,17,2,2,4,0.5,2,11.36
19.16,9.69,7,14,4,1,1,9.8,5,32.3
16.11,6.68,7,12,4,1,4,11.4,2,19.12
37.71,23.81,4,12,7,1,4,20.0,3,70.98
13.64,10.41,6,16,2,2,3,14.2,1,12.47
32.78,19.11,3,6,3,1,1,17.0,9,98.86
30.2,9.79,6,22,1,1,3,6.9,8,82.36
27.05,3.47,1,7,2,3,3,10.2,3,39.26
36.9,21.61,7,22,7,1,3,19.5,2,52.11
16.91,0.21,4,6,6,3,2,8.3,9,64.08
16.2,1.59,5,14,2,1,3,16.1,7,42.0
7.28,9.24,2,13,5,3,3,10.5,9,29.39
11.75,17.24,4,15,5,1,2,4.5,2,20.93
35.31,8.67,1,13,7,2,4,11.6,4,50.28
19.5,1.84,7,21,3,3,3,4.4,2,25.81
14.31,8.08,6,6,7,1,2,0.1,5,43.67
9.43,6.28,4,22,3,2,3,4.7,2,12.14
19.91,0.33,6,17,6,3,4,3.9,1,25.35
28.95,13.46,6,19,3,1,2,7.4,6,85.12
12.18,3.09,1,8,5,1,3,17.8,10,61.79
30.55,7.33,1,7,3,3,1,7.8,7,86.32
25.56,16.1,2,12,6,1,2,16.9,8,72.93
31.71,18.18,1,11,5,3,3,11.1,9,103.7
10.79,6.73,5,19,3,3,4,0.2,10,113.82
25.61,8.36,4,21,7,3,3,3.8,2,29.72
7.0,6.32,4,13,5,3,3,18.6,3,15.24
15.19,23.93,1,19,4,3,2,12.1,7,49.89
29.25,4.92,7,7,1,2,3,18.6,9,103.42
25.64,4.74,7,18,7,3,2,6.2,8,137.6
8.33,11.24,5,7,6,2,1,14.3,8,32.42
34.48,4.89,1,17,5,2,1,15.4,4,46.37
3.08,4.09,3,12,6,1,3,19.5,4,5.0
24.21,2.58,6,13,5,3,4,0.4,1,22.01
39.37,16.08,6,10,2,2,2,19.0,4,46.29
21.73,15.38,2,12,2,3,4,7.8,2,22.91
32.23,16.32,6,20,1,2,4,16.8,10,131.31
24.21,19.38,7,19,1,1,3,10.9,1,28.83
31.54,8.29,4,11,6,2,4,11.3,4,54.29
26.57,22.98,3,10,6,3,2,7.2,9,108.15
27.95,18.38,4,14,2,2,2,16.6,10,67.9
9.88,20.16,1,17,5,3,3,5.3,4,26.96
29.93,18.08,4,9,1,1,3,9.8,5,79.53
10.28,9.09,1,18,3,3,3,11.2,6,35.88
39.24,7.22,1,22,6,3,2,14.9,9,126.48
9.88,10.68,4,20,6,3,4,9.4,8,65.4
10.23,2.61,4,15,7,1,1,13.6,6,23.88
34.49,11.39,7,11,3,2,1,9.7,4,37.66
10.48,1.27,4,11,7,1,2,13.2,4,21.85
15.08,0.3,7,18,6,2,1,13.5,7,52.79
28.87,23.3,6,13,3,3,2,14.2,9,87.36
7.19,17.3,3,7,3,2,3,16.5,1,7.62
7.2,14.13,7,17,1,3,2,10.8,8,38.2
19.97,8.66,4,8,7,3,1,3.9,5,60.93
10.5,14.35,5,22,2,3,2,13.6,2,19.12
10.19,22.31,1,13,2,3,3,1.5,1,5.0
1.36,16.38,2,11,3,2,4,4.4,4,8.83
15.45,15.14,4,6,1,3,4,15.8,3,31.15
13.41,11.61,2,8,6,1,3,8.7,2,27.09
2.22,8.77,5,22,5,3,1,10.0,3,11.39
25.23,17.52,1,15,2,2,1,19.7,9,48.12
25.44,24.53,2,21,2,3,2,4.7,8,71.74
3.76,10.73,5,22,1,2,1,0.4,3,13.81
13.36,9.93,5,6,7,1,3,2.2,7,47.25
35.04,10.82,7,12,4,3,2,4.9,5,63.37
23.7,10.75,7,20,5,3,4,14.5,8,117.65
17.07,24.77,6,14,2,1,2,15.5,3,34.39
19.14,17.73,1,14,2,1,2,11.3,1,13.21
9.12,9.11,5,15,4,2,3,5.1,4,11.71
32.66,9.41,2,17,2,2,1,10.4,10,97.56
36.65,10.88,2,21,5,2,4,0.3,6,100.38
36.52,1.11,2,21,7,1,3,13.6,1,17.28
9.73,13.29,4,16,3,2,3,12.3,10,35.47
13.12,20.32,1,15,5,2,2,0.4,9,36.4
7.26,16.58,4,12,7,3,4,16.3,6,27.88
12.98,5.12,2,7,7,2,4,15.3,8,53.53
13.98,18.26,4,18,1,2,1,6.2,2,17.2
25.69,18.04,5,6,1,1,3,12.7,6,67.38
8.4,6.71,2,17,7,2,4,12.0,10,48.67
36.86,15.65,1,14,7,2,2,2.9,5,49.74
5.02,15.35,6,19,3,1,3,3.9,1,18.37
1.27,21.03,6,22,4,3,4,13.7,8,24.57
34.34,3.57,2,15,5,3,2,18.7,8,91.05
28.45,5.03,7,15,5,1,3,11.5,8,84.94
14.86,12.25,2,14,6,2,3,11.4,7,31.51
24.22,1.29,7,12,3,3,1,12.9,2,20.8
9.72,10.51,1,7,7,1,1,8.8,2,12.07
7.57,19.75,5,6,1,1,3,1.1,8,46.94
19.37,3.89,1,18,1,2,1,7.9,9,55.17
14.77,11.61,2,21,7,1,4,18.0,1,10.43
24.99,24.75,3,6,2,2,3,16.1,6,44.07
9.51,12.75,1,11,7,1,3,18.5,6,19.57
26.85,12.56,4,16,3,3,2,3.1,4,49.93
30.91,14.06,2,17,3,2,2,10.1,7,72.58
7.5,4.81,1,18,1,1,2,11.7,10,34.28
2.71,3.85,7,17,7,3,3,4.2,9,31.22
18.14,17.0,7,7,3,1,2,4.0,2,35.57
31.19,10.02,7,10,2,2,2,15.6,5,48.96
26.38,7.39,2,13,4,3,1,13.4,10,83.04
28.37,0.98,3,7,2,3,3,12.9,3,46.43
16.71,21.18,3,11,6,1,3,5.3,9,70.49
10.16,1.0,3,12,1,2,3,10.1,5,16.16
21.74,18.8,3,22,4,3,2,0.5,6,64.91
8.97,9.67,4,11,3,3,1,2.6,3,16.15
29.32,15.05,4,22,1,1,2,10.4,10,85.37
8.68,6.34,3,17,1,3,2,6.2,6,30.53
12.36,4.05,7,17,4,1,1,19.3,6,36.12
20.76,13.43,7,19,3,2,4,9.4,5,61.55
19.98,17.45,3,20,1,1,2,1.7,1,23.32
24.43,5.05,2,9,1,1,2,0.4,8,98.39
18.06,11.02,4,13,6,1,3,14.5,4,35.27
36.86,11.23,3,14,6,1,4,3.4,3,53.86
33.76,5.56,7,22,5,3,2,3.8,8,95.18
35.29,14.21,4,6,6,2,3,8.5,2,28.47
25.55,3.82,1,14,1,2,1,5.3,7,44.17
25.77,12.84,1,9,5,2,3,12.3,5,45.12
24.76,3.01,1,9,6,2,1,9.7,8,61.66
17.96,12.24,3,18,2,1,1,2.2,1,12.43
13.56,7.93,3,9,4,1,3,15.7,8,55.3
24.09,11.42,6,19,6,3,1,8.5,3,46.89
2.0,10.96,7,22,5,1,1,12.2,9,15.31
1.29,22.72,1,19,2,3,1,0.1,4,7.28
34.21,12.35,7,8,5,3,4,12.5,1,38.53
2.81,20.5,5,8,6,1,3,5.7,5,29.24
21.47,5.8,3,13,1,1,2,9.9,1,10.29
24.98,8.93,3,15,4,1,4,6.0,3,36.14
8.73,2.06,4,19,4,2,2,19.9,8,27.94
35.93,10.63,2,13,3,1,4,4.6,6,85.52
8.41,16.78,7,8,1,3,2,18.3,8,46.85
35.5,20.99,1,22,1,2,1,18.4,9,66.24
30.76,14.23,1,21,6,3,1,8.4,5,57.52
10.39,16.07,2,17,6,3,2,6.1,6,35.12
6.88,4.6,2,17,3,2,1,7.6,1,5.0
13.33,1.12,1,21,7,2,1,19.8,3,13.32
16.52,19.83,3,14,7,1,2,12.4,8,49.15
10.59,4.34,3,8,5,1,4,10.9,1,5.61
39.96,2.46,1,16,5,2,1,0.7,4,54.21
9.96,23.45,6,13,7,2,1,17.0,2,22.27
33.39,24.1,7,19,5,2,4,1.7,9,174.17
7.21,15.48,6,19,7,1,1,0.9,6,44.73
39.23,9.59,4,14,7,3,4,5.5,7,148.76
9.8,20.86,7,12,2,2,3,9.5,7,30.17
17.45,5.28,3,13,5,2,4,17.9,3,20.86
22.78,10.85,3,16,6,2,3,15.8,1,9.51
5.69,9.05,1,16,6,2,3,4.0,4,6.61
32.86,22.83,5,14,3,2,1,7.4,2,22.6
11.71,23.01,1,15,7,3,3,15.6,4,22.89
22.42,16.34,5,22,4,2,3,10.5,4,27.83
22.44,2.95,6,10,3,1,4,3.5,8,91.78
24.5,12.16,2,8,2,3,1,7.9,4,46.31
3.16,6.28,5,19,3,1,1,12.5,2,9.2
7.58,22.15,3,21,7,1,1,19.5,10,40.99
7.29,3.63,3,16,6,1,4,13.2,1,8.3
12.78,1.55,4,12,6,3,1,0.3,3,27.58
6.65,17.67,2,11,7,2,4,14.1,4,10.53
36.95,11.44,6,13,2,1,2,5.0,1,17.16
21.01,20.99,3,6,5,3,2,17.2,9,69.37
25.32,2.05,4,14,3,1,4,7.7,4,44.5
14.94,20.07,6,10,6,3,3,4.0,8,66.52
11.77,1.13,2,10,3,3,3,9.4,2,8.19
20.62,0.9,4,15,6,1,4,5.1,6,65.56
12.48,11.64,7,22,6,3,4,4.7,2,23.38
14.4,5.69,3,9,6,2,3,11.5,3,17.33
18.66,14.92,1,21,7,1,2,15.3,5,39.23
20.72,0.84,2,14,6,2,4,16.7,9,65.72
39.39,1.08,7,22,3,2,3,8.0,4,51.01
9.71,18.23,6,12,4,1,4,1.3,8,58.32
20.03,5.41,6,22,4,3,4,9.7,1,19.29
6.83,16.48,2,17,1,1,3,8.7,3,18.36
14.65,18.8,6,17,5,3,2,3.9,7,52.49
28.98,1.67,3,15,4,3,4,17.9,5,69.8
7.8,19.29,6,13,3,2,4,19.5,6,25.66
23.67,6.86,7,14,1,1,1,1.0,7,65.94
17.25,9.86,2,20,4,1,3,15.9,1,5.0
3.01,2.35,7,19,5,1,3,12.9,7,20.08
37.39,21.0,5,6,1,2,3,5.2,9,97.57
17.13,14.11,6,17,5,3,4,12.7,8,104.88
31.57,12.72,6,20,2,1,2,2.6,3,48.49
17.24,24.22,2,18,2,3,4,1.4,4,68.93
37.56,8.5,6,14,3,1,3,19.9,10,128.31
12.33,22.29,2,11,3,1,1,12.7,8,40.36
17.08,18.05,2,17,7,2,3,5.1,10,79.8
30.6,23.23,1,17,1,3,1,9.0,10,134.85
14.4,22.71,2,12,3,3,4,19.0,5,44.19
15.21,24.78,7,12,6,2,4,8.8,2,22.6
39.8,3.47,3,12,2,1,4,18.0,3,47.51
22.67,19.94,3,6,7,1,3,17.4,3,44.94
27.89,20.15,4,6,6,3,2,6.9,9,110.47
26.1,16.18,5,7,7,1,2,13.9,3,49.54
33.29,7.12,5,13,7,3,4,13.2,4,78.45
34.61,24.14,4,14,1,3,1,15.4,9,91.69
22.97,5.27,6,12,4,3,4,7.3,2,34.26
12.49,12.59,4,22,6,1,2,1.0,7,44.16
1.89,13.13,6,9,1,1,3,3.4,6,23.23
24.96,4.21,7,12,4,1,3,12.3,10,79.81
33.19,18.12,5,10,5,2,1,15.5,5,46.56
18.57,2.4,1,11,6,2,1,15.1,6,24.91
7.42,17.39,2,15,3,1,1,11.7,9,29.49
12.24,21.25,5,11,7,2,4,1.7,10,63.7
20.89,8.87,4,11,5,1,1,0.3,8,66.01
33.63,17.79,2,17,1,2,3,15.6,7,86.59
7.7,4.09,3,20,2,1,1,11.0,9,25.87
24.87,21.18,1,9,7,3,4,15.7,10,182.45
30.38,23.81,2,7,1,1,4,3.3,8,154.44
37.51,3.99,6,10,1,3,2,8.1,3,50.23
5.55,17.36,1,15,3,1,1,18.4,7,18.85
37.13,12.74,6,22,7,1,2,3.4,3,45.39
24.46,13.38,3,8,5,1,3,1.2,6,96.74
30.9,17.72,6,6,2,2,3,13.1,5,61.4
3.1,12.32,2,14,3,3,3,11.9,10,19.66
20.74,15.09,6,22,7,1,3,19.0,6,51.72
25.28,5.93,5,15,2,3,3,18.1,10,105.1
12.97,9.59,6,21,5,3,1,15.0,9,48.98
17.83,21.66,1,16,4,2,1,0.4,9,54.26
22.62,2.93,6,6,6,2,4,9.6,2,25.34
22.55,15.02,2,13,6,3,3,17.9,8,77.54
2.63,4.77,3,19,6,3,4,8.7,3,12.65
18.14,21.19,1,14,1,1,3,19.2,6,41.4
9.34,14.56,7,9,4,3,2,13.0,5,36.48
36.75,10.2,5,9,5,2,3,2.2,3,51.17
39.09,6.4,7,17,3,1,3,10.2,10,191.55
12.69,11.03,4,13,5,3,1,13.9,9,42.58
7.83,23.95,2,15,5,3,2,1.3,6,19.15
9.56,12.83,3,12,3,2,3,6.9,1,6.12
19.63,11.84,4,11,1,3,1,14.3,2,16.83
35.11,18.71,2,17,7,1,1,3.1,3,67.91
20.5,9.6,7,6,6,3,1,7.0,10,87.73
3.16,10.8,7,13,7,2,3,13.8,5,10.33
2.56,8.56,4,12,3,1,1,15.5,1,5.67
9.87,3.94,5,19,3,2,2,10.4,6,27.17
33.87,17.9,5,18,3,1,1,19.1,10,157.31
25.24,21.85,5,13,1,2,2,18.5,6,47.42
22.96,22.66,1,10,2,3,1,9.5,5,43.36
13.44,22.04,4,10,3,2,4,3.2,2,19.23
37.25,11.4,6,9,7,3,2,15.5,9,173.23
13.92,7.24,6,10,2,2,1,4.9,2,20.77
33.56,16.02,5,18,4,3,3,16.9,10,208.4
35.94,23.88,7,6,4,1,4,11.7,3,71.44
19.85,18.23,5,6,3,3,4,7.9,2,28.75
35.88,12.47,3,15,7,2,4,11.1,4,55.23
11.8,17.28,4,9,1,3,2,10.7,1,11.56
26.68,19.36,5,20,7,1,2,18.5,1,27.74
4.43,23.0,7,18,6,1,2,4.3,2,33.02
19.48,19.13,2,19,3,3,2,18.6,7,65.55
9.48,10.94,3,13,6,3,4,0.6,9,60.09
3.45,6.99,5,13,4,3,1,15.4,3,6.32
1.15,12.6,6,13,7,2,4,18.4,7,14.41
13.67,8.34,3,9,1,2,4,7.9,4,27.81
23.99,23.58,5,15,1,2,4,1.5,5,57.13
18.75,12.8,1,20,4,3,3,16.1,4,34.26
12.77,11.91,3,10,7,1,4,16.9,9,66.04
39.66,8.84,7,6,1,1,1,6.7,6,81.79
37.64,16.06,5,15,6,1,4,10.4,6,120.76
5.9,13.1,7,12,7,2,3,16.2,9,27.89
17.19,3.4,2,19,4,3,4,3.8,7,89.35
26.31,21.76,3,20,7,2,1,12.6,2,19.03
29.61,9.1,7,22,6,2,4,8.6,2,32.54
15.29,10.93,7,12,2,2,3,3.5,4,27.81
30.1,5.3,7,21,6,1,1,16.6,1,16.47
5.84,13.92,3,8,5,3,3,6.5,7,29.07
13.94,17.61,6,12,1,3,1,18.7,5,31.76
28.94,22.05,4,10,4,3,1,11.4,1,19.67
25.4,1.48,6,21,5,3,3,10.3,5,53.81
33.65,24.34,6,16,6,2,4,8.5,9,146.3
2.83,17.65,4,12,6,3,1,8.0,10,21.55
7.8,7.25,3,8,4,2,2,16.4,10,35.66
2.89,5.27,7,19,3,3,2,13.6,10,28.2
8.49,7.54,4,17,2,2,3,15.5,7,24.77
1.17,21.92,4,20,1,3,1,8.4,10,14.23
20.66,7.43,5,13,5,1,3,5.2,10,69.02
21.6,11.68,7,8,7,1,2,1.7,7,101.21
26.66,17.7,1,11,1,1,4,15.5,5,57.06
16.01,21.83,7,16,5,2,2,8.3,10,50.42
1.13,16.53,3,10,5,3,2,10.2,5,6.8
27.28,18.88,1,7,2,2,1,9.4,2,18.73
3.12,4.5,3,19,2,3,4,8.6,2,9.76
34.78,21.96,4,15,2,2,4,13.7,6,75.98
1.88,7.04,5,12,5,3,2,12.2,1,9.44
21.69,3.38,4,15,3,3,2,19.4,2,21.25
35.9,24.41,1,18,6,1,4,2.8,3,104.28
23.33,5.2,4,6,3,3,2,11.5,6,52.81
24.73,3.59,2,13,1,1,1,1.3,5,40.22
27.58,15.73,2,10,1,2,1,16.2,6,44.65
5.77,8.11,5,7,3,2,3,12.3,6,20.36
27.32,3.51,6,6,3,1,1,8.6,10,84.65
35.33,15.11,2,13,6,3,1,16.0,3,39.18
38.99,19.02,5,15,4,2,1,9.1,5,49.52
18.28,19.87,3,14,2,1,4,4.6,7,61.82
14.44,4.06,3,19,2,1,4,9.5,3,30.39
30.38,14.01,5,13,4,1,4,1.4,2,41.13
22.17,20.38,2,16,3,1,2,18.0,1,19.7
11.03,4.19,6,19,5,1,2,14.6,4,24.27
7.71,5.35,3,17,7,1,2,15.2,3,15.79
7.64,0.26,1,21,3,3,3,17.5,2,9.02
18.91,13.21,6,9,4,3,1,15.8,3,33.16
7.63,5.03,6,19,6,3,3,8.6,7,37.77
1.77,18.16,4,17,2,2,1,2.4,9,16.03
3.03,24.06,6,15,4,3,2,7.5,6,19.67
37.27,5.38,2,6,3,3,2,18.7,1,12.79
3.85,16.3,3,15,5,1,3,19.0,8,23.62
3.85,5.45,3,20,6,3,4,15.4,2,5.65
18.6,0.65,6,16,1,3,3,4.1,1,20.23
10.56,19.01,3,6,2,2,2,3.9,6,20.72
38.55,10.96,6,10,1,2,3,17.6,5,55.59
36.53,23.68,3,15,1,2,3,2.8,4,48.18
16.78,13.45,5,19,1,1,1,11.7,10,73.9
18.5,4.11,2,13,5,1,4,7.6,1,8.32
15.63,11.35,4,20,7,1,4,6.0,1,14.92
2.48,5.23,1,19,3,1,1,13.5,6,6.77
12.42,21.98,6,10,7,2,1,19.2,5,27.24
5.78,17.33,1,9,6,2,1,15.6,9,12.72
4.99,8.66,7,21,6,1,3,9.7,1,17.67
22.87,13.29,6,16,6,1,1,8.8,5,54.81
4.85,16.8,5,20,2,3,1,18.2,2,11.24
5.01,19.61,7,21,4,3,3,11.6,1,13.14
19.74,2.19,6,13,4,2,1,9.9,5,29.65
18.25,0.76,1,6,5,3,1,13.7,8,44.52
6.37,3.04,6,21,6,2,1,4.7,2,12.5
1.17,10.0,3,15,1,1,3,1.3,9,8.86
8.53,11.77,6,8,5,3,2,17.1,6,33.36
10.2,3.58,7,15,6,3,2,12.1,5,26.68
32.21,10.4,7,6,1,2,3,3.3,10,102.18
36.7,11.15,4,10,3,2,1,6.0,4,38.69
16.83,2.91,2,11,7,1,3,19.8,3,22.0
16.8,22.93,1,13,1,2,2,12.7,8,26.26
28.79,15.06,2,15,2,2,3,12.7,2,18.29
25.45,9.84,7,20,6,2,3,1.4,9,114.38
8.18,12.77,5,11,2,1,3,19.4,9,29.25
5.2,7.99,3,18,5,3,1,17.9,10,29.77
18.07,21.39,4,22,7,2,1,11.0,5,25.98
23.03,14.46,2,18,4,1,3,6.2,7,86.61
6.41,12.47,4,10,4,3,1,14.0,9,26.7
12.44,22.79,3,17,4,2,2,16.7,2,12.57
12.93,20.98,6,10,3,2,3,15.7,4,23.03
11.19,20.36,1,14,3,2,4,19.5,5,22.6
18.97,5.8,7,16,4,2,3,12.7,7,53.88
26.47,4.0,1,10,7,1,4,6.4,7,88.97
20.87,17.31,3,6,7,1,3,10.0,10,92.4
8.86,11.82,3,20,7,3,2,16.3,5,26.95
5.01,17.16,6,18,1,2,1,5.3,2,14.33
33.05,19.06,5,8,3,2,3,4.6,2,39.52
19.69,7.52,2,12,6,1,4,14.5,9,82.94
3.42,7.26,4,10,4,3,2,8.9,5,13.3
11.07,12.37,4,22,3,3,1,16.3,7,26.39
32.36,6.98,4,22,3,3,1,2.9,6,68.48
30.32,16.75,1,17,1,2,3,6.7,9,97.51
35.16,18.72,2,13,3,2,3,5.4,3,32.7
24.48,11.91,4,6,3,3,1,14.0,2,24.29
17.49,18.15,2,10,3,3,1,15.2,8,46.64
17.64,12.86,4,7,4,2,3,9.1,5,39.12
8.57,17.88,2,19,2,3,2,9.6,9,46.15
26.38,5.78,6,7,2,3,2,2.6,2,34.1
23.82,18.52,2,17,7,3,2,14.0,3,44.32
7.04,17.94,5,22,3,1,3,19.8,10,37.05
35.54,6.81,6,11,2,1,3,15.6,9,108.58
15.37,13.99,3,17,5,1,1,4.5,1,10.25
2.94,21.41,1,20,4,3,1,12.5,9,11.69
13.79,6.39,1,13,5,1,3,5.9,1,5.9
34.92,18.45,3,13,2,1,3,0.6,2,50.17
36.76,23.86,1,9,6,1,1,3.6,9,146.86
20.13,21.68,7,13,2,1,1,2.1,2,38.67
38.3,10.16,7,20,6,3,3,3.9,4,99.15
35.13,15.26,7,17,3,3,2,15.9,2,45.05
33.18,24.8,7,9,3,3,1,5.9,6,94.75
34.53,14.3,5,14,3,1,3,15.1,1,21.18
15.89,3.05,3,18,3,2,1,19.0,3,16.85
30.5,1.33,4,7,5,3,1,11.5,4,48.96
23.52,19.8,2,18,4,2,3,9.7,7,67.6
29.07,10.71,6,9,1,3,1,15.0,5,65.63
7.93,6.32,4,11,4,2,1,1.9,2,11.32
29.52,8.82,3,13,2,1,4,8.6,5,57.83
38.35,18.98,5,14,1,2,1,10.0,5,45.39
12.8,11.74,3,21,6,3,3,16.6,4,27.16
39.46,21.74,3,9,3,3,4,16.3,6,152.66
15.76,18.43,2,10,5,2,4,17.0,4,23.47
8.79,24.36,1,12,2,2,4,14.0,4,9.27
5.38,22.23,1,20,3,3,2,10.6,8,18.73
31.61,6.51,3,22,3,3,4,16.6,3,50.07
22.64,16.54,7,13,1,2,1,17.5,4,31.19
12.98,0.71,2,17,7,1,2,9.6,2,13.03
24.73,24.78,5,21,3,3,1,19.7,7,64.03
13.95,6.67,3,20,5,3,3,17.5,8,49.06
18.49,16.69,3,17,4,1,4,10.2,7,86.27
34.64,21.26,2,15,4,1,4,1.4,2,49.36
27.06,4.18,4,22,5,1,4,4.5,5,54.72
30.73,21.23,5,10,4,2,1,15.5,3,28.24
23.76,0.5,3,12,1,1,4,2.2,8,83.49
39.66,11.16,4,18,5,3,3,9.4,4,104.54
10.41,11.91,4,6,1,3,2,12.1,5,28.14
11.23,9.48,2,14,4,1,1,17.6,5,14.42
4.61,14.74,5,20,3,3,1,16.9,8,21.32
22.61,22.89,4,9,4,1,4,15.3,8,113.96
24.92,8.31,1,19,1,3,2,8.2,9,107.02
29.31,14.57,4,13,5,2,3,2.8,5,45.82
14.08,21.96,3,20,3,1,4,13.4,9,77.55
1.48,19.37,6,16,1,2,2,3.6,9,17.98
25.66,1.21,3,8,1,3,1,11.2,6,71.5
39.95,23.58,7,18,4,3,2,19.6,7,159.44
12.49,1.36,5,6,5,1,1,11.0,10,41.69
8.17,14.8,1,10,4,3,1,12.9,9,23.03
11.99,14.47,3,21,6,1,4,13.6,3,26.02
17.59,19.7,7,20,6,2,2,16.6,8,60.11
10.79,3.88,2,6,7,1,3,8.7,5,23.68
14.53,4.65,5,12,7,3,3,10.0,2,22.66
25.89,18.85,6,7,7,3,3,3.5,4,74.18
14.46,3.91,5,10,6,2,3,12.3,10,51.01
16.45,11.84,1,22,4,3,1,5.9,10,50.76
2.56,18.34,3,9,4,3,3,10.2,8,13.72
36.8,16.35,3,16,5,1,4,15.3,10,190.01
16.87,5.42,3,19,2,1,1,0.4,6,58.72
13.8,7.74,7,20,5,1,1,11.3,8,43.19
4.37,24.23,1,12,5,2,3,3.5,2,5.0
25.73,11.33,4,17,4,2,4,5.6,3,40.4
34.69,1.3,7,14,6,1,2,0.7,2,41.26
2.6,5.65,7,7,5,2,4,3.4,10,28.64
6.67,8.69,5,9,7,1,1,19.7,7,26.17
6.71,24.99,7,18,7,3,3,20.0,10,64.49
24.49,7.71,3,17,6,3,4,14.4,5,102.64
36.93,0.85,5,14,3,3,2,12.2,5,62.59
18.07,12.92,4,19,2,1,3,15.5,7,68.59
14.41,2.27,1,17,3,3,1,17.9,6,36.68
30.87,7.0,1,11,5,2,3,10.4,4,32.22
29.96,24.81,7,10,7,3,3,0.7,4,92.89
10.62,17.68,2,22,7,3,4,14.2,6,34.52
7.27,1.46,3,22,5,2,1,19.7,1,8.78
14.95,11.33,5,6,5,1,2,5.2,2,19.06
31.25,4.46,5,19,7,3,3,9.3,1,27.17
28.11,3.25,4,8,5,2,4,7.2,2,36.1
26.97,14.76,7,20,1,3,1,7.8,2,27.36
33.35,12.74,6,16,4,3,3,14.4,1,29.92
11.81,18.62,7,17,3,1,4,7.6,1,25.82
14.25,22.33,5,17,5,3,3,18.8,9,81.58
2.65,6.32,7,16,5,1,2,15.8,2,11.3
34.88,23.09,5,10,3,1,1,0.6,6,102.17
23.71,13.05,4,19,3,1,2,16.4,1,23.25
12.63,6.62,6,15,1,3,1,15.5,10,54.06
3.71,21.18,7,15,3,1,1,10.3,3,26.63
29.21,1.08,1,11,6,3,2,9.9,8,85.41
30.2,14.08,7,6,5,1,1,16.7,7,75.17
26.98,18.1,5,15,7,2,1,8.5,8,67.25
8.95,7.14,7,11,7,1,3,3.2,7,29.96
36.62,21.61,6,17,6,2,1,6.3,6,89.36
30.37,6.16,7,12,2,2,1,5.3,8,54.6
26.65,21.03,2,22,3,3,3,13.6,9,82.84
26.39,2.15,2,17,1,3,4,3.6,4,76.14
36.27,4.17,2,13,1,3,3,12.9,10,135.94
37.2,9.65,2,18,2,2,1,9.3,10,119.57
24.23,21.38,2,17,2,1,1,16.8,8,88.83
17.25,3.79,4,16,1,1,3,9.7,10,76.37
15.19,21.91,2,15,6,3,3,18.6,2,17.99
32.94,5.9,2,21,4,2,2,18.0,6,45.99
26.14,11.42,4,11,5,3,4,3.7,7,86.25
4.01,8.95,6,13,5,2,4,13.7,10,19.78
6.55,3.13,1,10,7,2,3,4.3,2,8.36
36.11,23.62,4,15,2,3,3,16.5,9,133.6
35.5,11.07,5,22,3,3,4,12.7,1,25.75
38.12,17.32,5,16,3,1,1,5.9,4,63.71
17.69,14.47,1,9,4,2,3,5.0,7,49.62
31.58,12.64,6,21,4,1,4,8.6,3,50.56
33.3,15.49,1,19,6,3,1,16.0,9,160.82
13.31,22.48,2,13,4,1,1,15.9,10,47.3
6.67,17.54,3,8,2,3,2,0.7,2,21.06
39.88,13.41,6,12,4,3,2,6.0,3,42.81
2.18,16.2,2,19,7,1,4,8.5,1,11.18
24.3,15.24,6,15,5,2,2,11.7,8,52.12
26.36,10.94,7,9,5,1,3,3.0,9,123.36
27.59,15.69,7,8,2,2,4,6.7,7,106.72
10.97,11.2,3,22,1,2,4,17.7,2,12.99
29.14,18.99,1,13,2,2,3,9.5,2,19.36
9.44,24.23,2,17,1,3,4,14.9,1,8.88
33.33,24.0,6,12,4,2,3,9.7,5,49.96
9.55,20.55,2,7,7,2,1,9.3,8,28.17
28.17,15.12,5,13,4,1,3,12.4,2,30.78
31.55,18.78,3,17,5,3,2,5.2,9,135.9
8.37,4.62,6,11,6,1,2,5.0,3,14.13
10.28,12.08,5,16,6,2,3,19.8,6,34.52
31.39,6.58,5,13,5,1,2,17.4,7,62.58
4.35,0.29,6,11,6,1,1,14.8,6,20.31
8.44,24.18,7,10,2,2,4,2.7,5,32.45
18.77,21.62,3,10,3,3,3,0.6,4,49.88
37.28,12.94,4,10,3,1,3,3.5,5,78.9
22.91,6.5,5,18,6,2,4,18.8,3,45.44
16.12,17.39,6,11,3,3,3,16.3,3,30.52
39.16,10.98,4,18,7,2,3,10.5,8,159.11
19.08,20.12,3,11,2,1,4,19.4,9,81.15
17.92,24.99,6,11,2,1,2,2.9,9,75.85
17.05,8.86,7,21,6,3,4,11.2,4,52.18
13.18,6.26,4,20,6,1,3,3.7,4,32.34
13.7,6.83,1,12,5,1,1,6.1,1,5.5
27.83,2.51,3,10,3,1,1,18.8,3,29.14
2.59,9.97,4,18,1,3,4,17.4,6,20.76
27.59,0.63,5,7,3,2,4,2.0,3,43.05
8.85,3.04,5,13,4,3,4,5.0,8,39.08
15.98,6.94,6,16,3,2,1,11.9,1,13.15
6.72,4.16,1,17,7,1,4,1.2,5,28.75
22.56,18.36,4,7,7,1,4,11.0,3,61.25
29.44,2.82,5,6,6,1,4,11.7,5,79.37
14.83,21.68,7,10,1,1,2,5.8,1,25.03
7.37,5.68,1,8,1,2,3,5.9,5,17.75
9.83,2.89,7,14,4,1,2,4.6,8,26.47
32.91,0.45,1,21,5,1,1,18.7,9,73.44
11.44,17.94,2,10,5,2,3,7.8,3,15.99
31.21,6.56,6,13,3,2,1,11.7,5,39.47
13.92,12.84,6,9,1,3,1,6.0,7,51.36
8.36,2.97,7,6,3,2,1,14.1,5,18.17
29.37,24.64,5,17,6,2,2,2.0,6,81.29
19.27,3.31,5,10,7,2,1,1.4,4,28.89
2.22,10.42,4,15,7,1,4,14.9,9,16.16
38.44,21.32,4,17,5,2,4,14.5,7,126.25
6.76,6.27,4,20,1,2,4,5.3,10,32.6
14.78,6.82,3,9,7,1,2,7.1,8,53.46
16.01,20.25,6,15,2,3,1,19.1,4,32.83
20.09,6.98,3,21,2,2,3,2.1,4,29.46
31.63,0.27,5,14,7,3,3,3.7,1,22.16
1.24,10.81,5,6,4,1,1,8.6,7,13.46
37.37,0.51,4,10,2,3,4,5.6,8,153.79
26.19,22.76,5,19,4,2,2,13.0,4,43.58
38.08,16.12,1,19,1,3,4,13.8,1,28.46
32.88,14.66,3,11,3,2,1,10.5,9,55.14
37.19,5.2,4,9,7,2,2,12.2,3,44.9
24.44,17.56,3,10,3,1,2,8.7,6,55.32
14.94,17.0,7,10,7,3,1,15.2,1,21.31
18.27,1.7,7,18,4,1,3,0.8,1,20.98
26.66,22.04,5,20,5,1,4,6.3,9,134.99
17.65,14.57,3,6,5,2,3,13.7,7,35.6
29.54,19.85,1,18,4,3,2,6.6,1,19.09
4.58,6.72,6,18,1,3,3,1.6,2,13.88
33.37,3.23,7,16,7,3,2,6.9,5,82.12
8.96,17.62,4,20,4,2,2,14.2,7,25.51
37.81,19.89,6,6,5,3,4,2.4,5,116.88
7.07,9.77,7,17,4,2,3,14.5,9,32.57
6.04,0.79,4,8,5,2,2,15.5,7,21.68
32.66,20.49,2,21,3,1,2,12.7,7,78.97
32.93,5.31,1,14,6,3,4,4.9,3,55.2
29.81,8.61,6,7,2,1,3,16.1,7,101.9
38.46,15.78,4,18,5,1,1,4.3,9,153.24
11.55,2.68,2,18,5,2,4,18.1,1,8.06
33.24,1.99,1,13,4,2,3,14.1,8,61.75
14.73,0.84,7,11,1,1,2,1.1,9,55.36
21.96,22.93,3,6,3,2,4,16.0,5,41.54
18.38,7.92,3,21,1,1,4,10.1,8,63.61
1.23,16.58,5,9,4,2,4,9.1,4,13.73
23.4,24.73,3,20,5,3,2,8.4,2,28.07
30.15,16.8,7,16,4,3,4,12.1,9,166.78
7.81,13.22,5,17,6,1,4,14.5,4,38.73
37.33,13.12,3,17,3,2,4,17.9,8,138.32
21.69,9.55,2,20,3,2,3,5.5,4,24.02
7.95,15.07,7,6,4,1,2,12.6,4,29.11
26.19,23.98,5,22,2,1,1,13.7,7,65.5
8.48,19.74,7,6,6,1,4,13.5,4,39.08
3.48,10.72,3,22,6,3,3,9.9,9,13.16
27.73,8.44,1,10,3,2,4,7.8,1,8.22
5.32,22.11,7,20,6,1,3,15.2,1,23.3
5.14,3.57,2,7,1,3,3,6.0,1,5.0
29.86,21.27,6,13,2,1,1,4.2,3,43.0
3.15,6.53,5,15,2,3,2,10.9,1,9.43
32.58,17.95,2,22,3,2,3,5.4,4,38.79
32.05,20.19,6,8,2,1,1,0.7,1,45.51
6.51,12.03,1,6,4,2,1,1.0,8,11.34
21.22,4.97,3,17,6,3,3,13.9,2,33.81
4.77,21.15,3,6,4,2,1,19.5,10,16.99
25.67,9.31,5,19,4,3,3,9.1,9,134.52
3.45,8.15,4,6,1,3,2,2.9,7,15.98
37.83,12.85,5,22,2,1,2,16.4,8,90.05
9.1,10.99,4,15,6,3,1,5.2,8,31.32
27.63,17.14,6,22,6,2,2,19.9,9,69.95
6.0,3.6,2,8,1,3,3,11.3,6,26.78
9.17,11.01,6,10,1,2,3,4.7,7,25.83
18.59,22.31,1,13,6,2,2,9.9,5,20.58
23.35,1.09,1,6,2,2,1,6.7,7,36.33
39.96,11.54,6,7,5,3,4,15.6,4,106.2
2.01,16.58,2,11,6,1,4,2.1,2,7.67
1.01,22.22,6,18,6,3,4,17.1,10,20.53
14.66,14.93,1,18,4,1,2,15.3,7,54.38
15.28,20.65,2,7,3,3,3,17.2,8,65.05
35.47,5.72,7,7,6,1,1,17.9,3,54.52
